{
  "palettes": {
    "light": [
      "rgba(255,255,255,0)",
      "#fff",
      "#f9f9f9",
      "hsl(0, 0%, 97.3%)",
      "hsl(0, 0%, 95.1%)",
      "hsl(0, 0%, 94.0%)",
      "hsl(0, 0%, 92.0%)",
      "hsl(0, 0%, 89.5%)",
      "hsl(0, 0%, 81.0%)",
      "hsl(0, 0%, 56.1%)",
      "hsl(0, 0%, 50.3%)",
      "hsl(0, 0%, 42.5%)",
      "hsl(0, 0%, 9.0%)",
      "rgba(10,10,10,0)"
    ],
    "dark": [
      "rgba(10,10,10,0)",
      "#050505",
      "#151515",
      "#191919",
      "#232323",
      "#282828",
      "#323232",
      "#424242",
      "#494949",
      "#545454",
      "#626262",
      "#a5a5a5",
      "#fff",
      "rgba(255,255,255,0)"
    ],
    "light_blue": [
      "hsla(206, 100%, 99.2%, 0)",
      "hsl(206, 100%, 99.2%)",
      "hsl(210, 100%, 98.0%)",
      "hsl(209, 100%, 96.5%)",
      "hsl(210, 98.8%, 94.0%)",
      "hsl(209, 95.0%, 90.1%)",
      "hsl(209, 81.2%, 84.5%)",
      "hsl(206, 81.9%, 65.3%)",
      "hsl(206, 100%, 50.0%)",
      "hsl(208, 100%, 47.3%)",
      "hsl(211, 100%, 43.2%)",
      "hsl(211, 100%, 15.0%)",
      "hsl(0, 0%, 9.0%)",
      "hsla(211, 100%, 15.0%, 0)"
    ],
    "light_customGray": [
      "hsla(0, 0%, 99.0%, 0)",
      "hsl(0, 0%, 99.0%)",
      "hsl(0, 0%, 97.3%)",
      "hsl(0, 0%, 95.1%)",
      "hsl(0, 0%, 93.0%)",
      "hsl(0, 0%, 90.9%)",
      "hsl(0, 0%, 88.7%)",
      "hsl(0, 0%, 56.1%)",
      "hsl(0, 0%, 52.3%)",
      "hsl(0, 0%, 43.5%)",
      "hsl(0, 0%, 92.0%)",
      "hsl(0, 0%, 9.0%)",
      "hsl(0, 0%, 9.0%)",
      "hsla(0, 0%, 9.0%, 0)"
    ],
    "light_green": [
      "hsla(136, 50.0%, 98.9%, 0)",
      "hsl(136, 50.0%, 98.9%)",
      "hsl(138, 62.5%, 96.9%)",
      "hsl(139, 55.2%, 94.5%)",
      "hsl(140, 48.7%, 91.0%)",
      "hsl(141, 43.7%, 86.0%)",
      "hsl(143, 40.3%, 79.0%)",
      "hsl(151, 40.2%, 54.1%)",
      "hsl(151, 55.0%, 41.5%)",
      "hsl(152, 57.5%, 37.6%)",
      "hsl(153, 67.0%, 28.5%)",
      "hsl(155, 40.0%, 14.0%)",
      "hsl(0, 0%, 9.0%)",
      "hsla(155, 40.0%, 14.0%, 0)"
    ],
    "light_purple": [
      "hsla(280, 65.0%, 99.4%, 0)",
      "hsl(280, 65.0%, 99.4%)",
      "hsl(276, 100%, 99.0%)",
      "hsl(276, 83.1%, 97.0%)",
      "hsl(275, 76.4%, 94.7%)",
      "hsl(275, 70.8%, 91.8%)",
      "hsl(274, 65.4%, 87.8%)",
      "hsl(272, 60.0%, 73.5%)",
      "hsl(272, 51.0%, 54.0%)",
      "hsl(272, 46.8%, 50.3%)",
      "hsl(272, 50.0%, 45.8%)",
      "hsl(272, 66.0%, 16.0%)",
      "hsl(0, 0%, 9.0%)",
      "hsla(272, 66.0%, 16.0%, 0)"
    ],
    "light_red": [
      "hsla(359, 100%, 99.4%, 0)",
      "hsl(359, 100%, 99.4%)",
      "hsl(359, 100%, 98.6%)",
      "hsl(360, 100%, 96.8%)",
      "hsl(360, 97.9%, 94.8%)",
      "hsl(360, 90.2%, 91.9%)",
      "hsl(360, 81.7%, 87.8%)",
      "hsl(359, 69.5%, 74.3%)",
      "hsl(358, 75.0%, 59.0%)",
      "hsl(358, 69.4%, 55.2%)",
      "hsl(358, 65.0%, 48.7%)",
      "hsl(354, 50.0%, 14.6%)",
      "hsl(0, 0%, 9.0%)",
      "hsla(354, 50.0%, 14.6%, 0)"
    ],
    "light_yellow": [
      "hsla(60, 54.0%, 98.5%, 0)",
      "hsl(60, 54.0%, 98.5%)",
      "hsl(52, 100%, 95.5%)",
      "hsl(55, 100%, 90.9%)",
      "hsl(54, 100%, 86.6%)",
      "hsl(52, 97.9%, 82.0%)",
      "hsl(50, 89.4%, 76.1%)",
      "hsl(48, 100%, 46.1%)",
      "hsl(53, 92.0%, 50.0%)",
      "hsl(50, 100%, 48.5%)",
      "hsl(42, 100%, 29.0%)",
      "hsl(40, 55.0%, 13.5%)",
      "hsl(0, 0%, 9.0%)",
      "hsla(40, 55.0%, 13.5%, 0)"
    ],
    "light_brand": [
      "hsla(180, 29%, 17%, 0)",
      "hsl(180, 29%, 17%)",
      "hsl(180, 36%, 22%)",
      "hsl(166, 30%, 29%)",
      "hsl(166, 55%, 31%)",
      "hsl(171, 96%, 28%)",
      "hsl(148, 44%, 47%)",
      "hsl(133, 54%, 78%)",
      "hsl(133, 63%, 83%)",
      "hsl(122, 53%, 88%)",
      "hsl(123, 50%, 93%)",
      "hsl(125, 50%, 96%)",
      "hsl(0, 0%, 9.0%)",
      "hsla(125, 50%, 96%, 0)"
    ],
    "light_brandDark": [
      "hsla(123, 50%, 93%, 0)",
      "hsl(123, 50%, 93%)",
      "hsl(122, 53%, 88%)",
      "hsl(125, 100%, 98%)",
      "hsl(166, 55%, 31%)",
      "hsl(171, 96%, 28%)",
      "hsl(148, 44%, 47%)",
      "hsl(133, 54%, 78%)",
      "hsl(166, 30%, 29%)",
      "hsl(180, 36%, 22%)",
      "hsl(180, 29%, 17%)",
      "hsl(180, 41%, 8%)",
      "hsl(0, 0%, 9.0%)",
      "hsla(180, 41%, 8%, 0)"
    ],
    "light_whiteA": [
      "hsla(0, 0%, 100%, 0)",
      "hsla(0, 0%, 100%, 0)",
      "hsla(0, 0%, 100%, 0.013)",
      "hsla(0, 0%, 100%, 0.034)",
      "hsla(0, 0%, 100%, 0.056)",
      "hsla(0, 0%, 100%, 0.086)",
      "hsla(0, 0%, 100%, 0.124)",
      "hsla(0, 0%, 100%, 0.249)",
      "hsla(0, 0%, 100%, 0.386)",
      "hsla(0, 0%, 100%, 0.446)",
      "hsla(0, 0%, 100%, 0.592)",
      "hsla(0, 0%, 100%, 0.923)",
      "hsl(0, 0%, 9.0%)",
      "hsla(0, 0%, 100%, 0.923)"
    ],
    "dark_blue": [
      "hsla(212, 35.0%, 9.2%, 0)",
      "hsl(212, 35.0%, 9.2%)",
      "hsl(216, 50.0%, 11.8%)",
      "hsl(214, 59.4%, 15.3%)",
      "hsl(214, 65.8%, 17.9%)",
      "hsl(213, 71.2%, 20.2%)",
      "hsl(212, 77.4%, 23.1%)",
      "hsl(211, 89.7%, 34.1%)",
      "hsl(206, 100%, 50.0%)",
      "hsl(209, 100%, 60.6%)",
      "hsl(210, 100%, 66.1%)",
      "hsl(206, 98.0%, 95.8%)",
      "#fff",
      "hsla(206, 98.0%, 95.8%, 0)"
    ],
    "dark_gray": [
      "hsla(0, 0%, 8.5%, 0)",
      "hsl(0, 0%, 8.5%)",
      "hsl(0, 0%, 11.0%)",
      "hsl(0, 0%, 13.6%)",
      "hsl(0, 0%, 15.8%)",
      "hsl(0, 0%, 17.9%)",
      "hsl(0, 0%, 20.5%)",
      "hsl(0, 0%, 43.9%)",
      "hsl(0, 0%, 49.4%)",
      "hsl(0, 0%, 62.8%)",
      "hsl(0, 0%, 18%)",
      "hsl(0, 0%, 93.0%)",
      "#fff",
      "hsla(0, 0%, 93.0%, 0)"
    ],
    "dark_green": [
      "hsla(146, 30.0%, 7.4%, 0)",
      "hsl(146, 30.0%, 7.4%)",
      "hsl(155, 44.2%, 8.4%)",
      "hsl(155, 46.7%, 10.9%)",
      "hsl(154, 48.4%, 12.9%)",
      "hsl(154, 49.7%, 14.9%)",
      "hsl(154, 50.9%, 17.6%)",
      "hsl(151, 51.7%, 28.4%)",
      "hsl(151, 55.0%, 41.5%)",
      "hsl(151, 49.3%, 46.5%)",
      "hsl(151, 50.0%, 53.2%)",
      "hsl(137, 72.0%, 94.0%)",
      "#fff",
      "hsla(137, 72.0%, 94.0%, 0)"
    ],
    "dark_purple": [
      "hsla(284, 20.0%, 9.6%, 0)",
      "hsl(284, 20.0%, 9.6%)",
      "hsl(283, 30.0%, 11.8%)",
      "hsl(281, 37.5%, 16.5%)",
      "hsl(280, 41.2%, 20.0%)",
      "hsl(279, 43.8%, 23.3%)",
      "hsl(277, 46.4%, 27.5%)",
      "hsl(272, 52.1%, 45.9%)",
      "hsl(272, 51.0%, 54.0%)",
      "hsl(273, 57.3%, 59.1%)",
      "hsl(275, 80.0%, 71.0%)",
      "hsl(279, 75.0%, 95.7%)",
      "#fff",
      "hsla(279, 75.0%, 95.7%, 0)"
    ],
    "dark_red": [
      "hsla(353, 23.0%, 9.8%, 0)",
      "hsl(353, 23.0%, 9.8%)",
      "hsl(357, 34.4%, 12.0%)",
      "hsl(356, 43.4%, 16.4%)",
      "hsl(356, 47.6%, 19.2%)",
      "hsl(356, 51.1%, 21.9%)",
      "hsl(356, 55.2%, 25.9%)",
      "hsl(358, 65.0%, 40.4%)",
      "hsl(358, 75.0%, 59.0%)",
      "hsl(358, 85.3%, 64.0%)",
      "hsl(358, 100%, 69.5%)",
      "hsl(351, 89.0%, 96.0%)",
      "#fff",
      "hsla(351, 89.0%, 96.0%, 0)"
    ],
    "dark_yellow": [
      "hsla(45, 100%, 5.5%, 0)",
      "hsl(45, 100%, 5.5%)",
      "hsl(46, 100%, 6.7%)",
      "hsl(45, 100%, 8.7%)",
      "hsl(45, 100%, 10.4%)",
      "hsl(47, 100%, 12.1%)",
      "hsl(49, 100%, 14.3%)",
      "hsl(50, 100%, 22.0%)",
      "hsl(53, 92.0%, 50.0%)",
      "hsl(54, 100%, 68.0%)",
      "hsl(48, 100%, 47.0%)",
      "hsl(53, 100%, 91.0%)",
      "#fff",
      "hsla(53, 100%, 91.0%, 0)"
    ],
    "dark_brand": [
      "hsla(123, 50%, 93%, 0)",
      "hsl(123, 50%, 93%)",
      "hsl(122, 53%, 88%)",
      "hsl(125, 100%, 98%)",
      "hsl(166, 55%, 31%)",
      "hsl(171, 96%, 28%)",
      "hsl(148, 44%, 47%)",
      "hsl(133, 54%, 78%)",
      "hsl(166, 30%, 29%)",
      "hsl(180, 36%, 22%)",
      "hsl(180, 29%, 17%)",
      "hsl(180, 41%, 8%)",
      "#fff",
      "hsla(180, 41%, 8%, 0)"
    ],
    "dark_whiteA": [
      "hsla(0, 0%, 0%, 0.012)",
      "hsla(0, 0%, 0%, 0.012)",
      "hsla(0, 0%, 0%, 0.027)",
      "hsla(0, 0%, 0%, 0.047)",
      "hsla(0, 0%, 0%, 0.071)",
      "hsla(0, 0%, 0%, 0.090)",
      "hsla(0, 0%, 0%, 0.114)",
      "hsla(0, 0%, 0%, 0.220)",
      "hsla(0, 0%, 0%, 0.439)",
      "hsla(0, 0%, 0%, 0.478)",
      "hsla(0, 0%, 0%, 0.565)",
      "hsla(0, 0%, 0%, 0.910)",
      "#fff",
      "hsla(0, 0%, 0%, 0.910)"
    ]
  },
  "templates": {
    "base": {
      "color1": 1,
      "color2": 2,
      "color3": 3,
      "color4": 4,
      "color5": 5,
      "color6": 6,
      "color7": 7,
      "color8": 8,
      "color9": 9,
      "color10": 10,
      "color11": 11,
      "color12": 12,
      "background": 2,
      "backgroundHover": 3,
      "backgroundPress": 4,
      "backgroundFocus": 5,
      "backgroundStrong": 1,
      "backgroundTransparent": 0,
      "color": -1,
      "colorHover": -2,
      "colorPress": -1,
      "colorFocus": -2,
      "colorTransparent": 0,
      "borderColor": 5,
      "borderColorHover": 6,
      "borderColorFocus": 4,
      "borderColorPress": 5,
      "placeholderColor": -4,
      "outlineColor": 5
    },
    "colorLight": {
      "color1": 1,
      "color2": 2,
      "color3": 3,
      "color4": 4,
      "color5": 5,
      "color6": 6,
      "color7": 7,
      "color8": 8,
      "color9": 9,
      "color10": 10,
      "color11": 11,
      "color12": 12,
      "background": 2,
      "backgroundHover": 3,
      "backgroundPress": 4,
      "backgroundFocus": 5,
      "backgroundStrong": 1,
      "backgroundTransparent": 0,
      "color": -1,
      "colorHover": -2,
      "colorPress": -1,
      "colorFocus": -2,
      "colorTransparent": 0,
      "borderColor": 4,
      "borderColorHover": 5,
      "borderColorFocus": 4,
      "borderColorPress": 4,
      "placeholderColor": -4,
      "outlineColor": 5
    }
  },
  "masks": {
    "identity": { "name": "identity-mask" },
    "soften": { "name": "soften-mask" },
    "soften2": { "name": "soften-mask" },
    "soften3": { "name": "soften-mask" },
    "strengthen": { "name": "strengthen-mask" },
    "inverse": { "name": "inverse-mask" },
    "inverseSoften": { "name": "combine-mask" },
    "inverseStrengthen2": { "name": "combine-mask" },
    "strengthenButSoftenBorder": { "name": "unnamed" },
    "softenBorder": { "name": "unnamed" }
  },
  "themes": {
    "light": {
      "template": "base",
      "palette": "light",
      "nonInheritedValues": {
        "blue1": "hsl(206, 100%, 99.2%)",
        "blue2": "hsl(210, 100%, 98.0%)",
        "blue3": "hsl(209, 100%, 96.5%)",
        "blue4": "hsl(210, 98.8%, 94.0%)",
        "blue5": "hsl(209, 95.0%, 90.1%)",
        "blue6": "hsl(209, 81.2%, 84.5%)",
        "blue7": "hsl(208, 77.5%, 76.9%)",
        "blue8": "hsl(206, 81.9%, 65.3%)",
        "blue9": "hsl(206, 100%, 50.0%)",
        "blue10": "hsl(208, 100%, 47.3%)",
        "blue11": "hsl(211, 100%, 43.2%)",
        "blue12": "hsl(211, 100%, 15.0%)",
        "gray1": "hsl(0, 0%, 99.0%)",
        "gray2": "hsl(0, 0%, 97.3%)",
        "gray3": "hsl(0, 0%, 95.1%)",
        "gray4": "hsl(0, 0%, 93.0%)",
        "gray5": "hsl(0, 0%, 90.9%)",
        "gray6": "hsl(0, 0%, 88.7%)",
        "gray7": "hsl(0, 0%, 85.8%)",
        "gray8": "hsl(0, 0%, 78.0%)",
        "gray9": "hsl(0, 0%, 56.1%)",
        "gray10": "hsl(0, 0%, 52.3%)",
        "gray11": "hsl(0, 0%, 43.5%)",
        "gray12": "hsl(0, 0%, 92.0%)",
        "gray13": "hsl(0, 0%, 9.0%)",
        "green1": "hsl(136, 50.0%, 98.9%)",
        "green2": "hsl(138, 62.5%, 96.9%)",
        "green3": "hsl(139, 55.2%, 94.5%)",
        "green4": "hsl(140, 48.7%, 91.0%)",
        "green5": "hsl(141, 43.7%, 86.0%)",
        "green6": "hsl(143, 40.3%, 79.0%)",
        "green7": "hsl(146, 38.5%, 69.0%)",
        "green8": "hsl(151, 40.2%, 54.1%)",
        "green9": "hsl(151, 55.0%, 41.5%)",
        "green10": "hsl(152, 57.5%, 37.6%)",
        "green11": "hsl(153, 67.0%, 28.5%)",
        "green12": "hsl(155, 40.0%, 14.0%)",
        "purple1": "hsl(280, 65.0%, 99.4%)",
        "purple2": "hsl(276, 100%, 99.0%)",
        "purple3": "hsl(276, 83.1%, 97.0%)",
        "purple4": "hsl(275, 76.4%, 94.7%)",
        "purple5": "hsl(275, 70.8%, 91.8%)",
        "purple6": "hsl(274, 65.4%, 87.8%)",
        "purple7": "hsl(273, 61.0%, 81.7%)",
        "purple8": "hsl(272, 60.0%, 73.5%)",
        "purple9": "hsl(272, 51.0%, 54.0%)",
        "purple10": "hsl(272, 46.8%, 50.3%)",
        "purple11": "hsl(272, 50.0%, 45.8%)",
        "purple12": "hsl(272, 66.0%, 16.0%)",
        "red1": "hsl(359, 100%, 99.4%)",
        "red2": "hsl(359, 100%, 98.6%)",
        "red3": "hsl(360, 100%, 96.8%)",
        "red4": "hsl(360, 97.9%, 94.8%)",
        "red5": "hsl(360, 90.2%, 91.9%)",
        "red6": "hsl(360, 81.7%, 87.8%)",
        "red7": "hsl(359, 74.2%, 81.7%)",
        "red8": "hsl(359, 69.5%, 74.3%)",
        "red9": "hsl(358, 75.0%, 59.0%)",
        "red10": "hsl(358, 69.4%, 55.2%)",
        "red11": "hsl(358, 65.0%, 48.7%)",
        "red12": "hsl(354, 50.0%, 14.6%)",
        "yellow1": "hsl(60, 54.0%, 98.5%)",
        "yellow2": "hsl(52, 100%, 95.5%)",
        "yellow3": "hsl(55, 100%, 90.9%)",
        "yellow4": "hsl(54, 100%, 86.6%)",
        "yellow5": "hsl(52, 97.9%, 82.0%)",
        "yellow6": "hsl(50, 89.4%, 76.1%)",
        "yellow7": "hsl(47, 80.4%, 68.0%)",
        "yellow8": "hsl(48, 100%, 46.1%)",
        "yellow9": "hsl(53, 92.0%, 50.0%)",
        "yellow10": "hsl(50, 100%, 48.5%)",
        "yellow11": "hsl(42, 100%, 29.0%)",
        "yellow12": "hsl(40, 55.0%, 13.5%)",
        "brand1": "hsl(180, 29%, 17%)",
        "brand2": "hsl(180, 36%, 22%)",
        "brand3": "hsl(166, 30%, 29%)",
        "brand4": "hsl(166, 55%, 31%)",
        "brand5": "hsl(171, 96%, 28%)",
        "brand6": "hsl(148, 44%, 47%)",
        "brand7": "hsl(144, 55%, 57%)",
        "brand8": "hsl(144, 73%, 68%)",
        "brand9": "hsl(133, 54%, 78%)",
        "brand10": "hsl(133, 63%, 83%)",
        "brand11": "hsl(122, 53%, 88%)",
        "brand12": "hsl(123, 50%, 93%)",
        "brandHighlight": "hsl(125, 50%, 96%)",
        "shadowColor": "rgba(0,0,0,0.066)",
        "shadowColorHover": "rgba(0,0,0,0.066)",
        "shadowColorPress": "rgba(0,0,0,0.02)",
        "shadowColorFocus": "rgba(0,0,0,0.02)"
      }
    },
    "dark": {
      "template": "base",
      "palette": "dark",
      "nonInheritedValues": {
        "blue1": "hsl(212, 35.0%, 9.2%)",
        "blue2": "hsl(216, 50.0%, 11.8%)",
        "blue3": "hsl(214, 59.4%, 15.3%)",
        "blue4": "hsl(214, 65.8%, 17.9%)",
        "blue5": "hsl(213, 71.2%, 20.2%)",
        "blue6": "hsl(212, 77.4%, 23.1%)",
        "blue7": "hsl(211, 85.1%, 27.4%)",
        "blue8": "hsl(211, 89.7%, 34.1%)",
        "blue9": "hsl(206, 100%, 50.0%)",
        "blue10": "hsl(209, 100%, 60.6%)",
        "blue11": "hsl(210, 100%, 66.1%)",
        "blue12": "hsl(206, 98.0%, 95.8%)",
        "gray1": "hsl(0, 0%, 8.5%)",
        "gray2": "hsl(0, 0%, 11.0%)",
        "gray3": "hsl(0, 0%, 13.6%)",
        "gray4": "hsl(0, 0%, 15.8%)",
        "gray5": "hsl(0, 0%, 17.9%)",
        "gray6": "hsl(0, 0%, 20.5%)",
        "gray7": "hsl(0, 0%, 24.3%)",
        "gray8": "hsl(0, 0%, 31.2%)",
        "gray9": "hsl(0, 0%, 43.9%)",
        "gray10": "hsl(0, 0%, 49.4%)",
        "gray11": "hsl(0, 0%, 62.8%)",
        "gray12": "hsl(0, 0%, 18%)",
        "gray13": "hsl(0, 0%, 93.0%)",
        "green1": "hsl(146, 30.0%, 7.4%)",
        "green2": "hsl(155, 44.2%, 8.4%)",
        "green3": "hsl(155, 46.7%, 10.9%)",
        "green4": "hsl(154, 48.4%, 12.9%)",
        "green5": "hsl(154, 49.7%, 14.9%)",
        "green6": "hsl(154, 50.9%, 17.6%)",
        "green7": "hsl(153, 51.8%, 21.8%)",
        "green8": "hsl(151, 51.7%, 28.4%)",
        "green9": "hsl(151, 55.0%, 41.5%)",
        "green10": "hsl(151, 49.3%, 46.5%)",
        "green11": "hsl(151, 50.0%, 53.2%)",
        "green12": "hsl(137, 72.0%, 94.0%)",
        "purple1": "hsl(284, 20.0%, 9.6%)",
        "purple2": "hsl(283, 30.0%, 11.8%)",
        "purple3": "hsl(281, 37.5%, 16.5%)",
        "purple4": "hsl(280, 41.2%, 20.0%)",
        "purple5": "hsl(279, 43.8%, 23.3%)",
        "purple6": "hsl(277, 46.4%, 27.5%)",
        "purple7": "hsl(275, 49.3%, 34.6%)",
        "purple8": "hsl(272, 52.1%, 45.9%)",
        "purple9": "hsl(272, 51.0%, 54.0%)",
        "purple10": "hsl(273, 57.3%, 59.1%)",
        "purple11": "hsl(275, 80.0%, 71.0%)",
        "purple12": "hsl(279, 75.0%, 95.7%)",
        "red1": "hsl(353, 23.0%, 9.8%)",
        "red2": "hsl(357, 34.4%, 12.0%)",
        "red3": "hsl(356, 43.4%, 16.4%)",
        "red4": "hsl(356, 47.6%, 19.2%)",
        "red5": "hsl(356, 51.1%, 21.9%)",
        "red6": "hsl(356, 55.2%, 25.9%)",
        "red7": "hsl(357, 60.2%, 31.8%)",
        "red8": "hsl(358, 65.0%, 40.4%)",
        "red9": "hsl(358, 75.0%, 59.0%)",
        "red10": "hsl(358, 85.3%, 64.0%)",
        "red11": "hsl(358, 100%, 69.5%)",
        "red12": "hsl(351, 89.0%, 96.0%)",
        "yellow1": "hsl(45, 100%, 5.5%)",
        "yellow2": "hsl(46, 100%, 6.7%)",
        "yellow3": "hsl(45, 100%, 8.7%)",
        "yellow4": "hsl(45, 100%, 10.4%)",
        "yellow5": "hsl(47, 100%, 12.1%)",
        "yellow6": "hsl(49, 100%, 14.3%)",
        "yellow7": "hsl(49, 90.3%, 18.4%)",
        "yellow8": "hsl(50, 100%, 22.0%)",
        "yellow9": "hsl(53, 92.0%, 50.0%)",
        "yellow10": "hsl(54, 100%, 68.0%)",
        "yellow11": "hsl(48, 100%, 47.0%)",
        "yellow12": "hsl(53, 100%, 91.0%)",
        "brand1": "hsl(123, 50%, 93%)",
        "brand2": "hsl(122, 53%, 88%)",
        "brand3": "hsl(125, 100%, 98%)",
        "brand4": "hsl(166, 55%, 31%)",
        "brand5": "hsl(171, 96%, 28%)",
        "brand6": "hsl(148, 44%, 47%)",
        "brand7": "hsl(144, 55%, 57%)",
        "brand8": "hsl(144, 73%, 68%)",
        "brand9": "hsl(133, 54%, 78%)",
        "brand10": "hsl(166, 30%, 29%)",
        "brand11": "hsl(180, 36%, 22%)",
        "brand12": "hsl(180, 29%, 17%)",
        "brandHighlight": "hsl(180, 41%, 8%)",
        "shadowColor": "rgba(0,0,0,0.3)",
        "shadowColorHover": "rgba(0,0,0,0.3)",
        "shadowColorPress": "rgba(0,0,0,0.2)",
        "shadowColorFocus": "rgba(0,0,0,0.2)"
      }
    },
    "light_yellow": [
      { "parent": "light", "palette": "yellow", "template": "colorLight" },
      { "parent": "dark", "palette": "yellow", "template": "base" }
    ],
    "light_green": [
      { "parent": "light", "palette": "green", "template": "colorLight" },
      { "parent": "dark", "palette": "green", "template": "base" }
    ],
    "light_blue": [
      { "parent": "light", "palette": "blue", "template": "colorLight" },
      { "parent": "dark", "palette": "blue", "template": "base" }
    ],
    "light_purple": [
      { "parent": "light", "palette": "purple", "template": "colorLight" },
      { "parent": "dark", "palette": "purple", "template": "base" }
    ],
    "light_red": [
      { "parent": "light", "palette": "red", "template": "colorLight" },
      { "parent": "dark", "palette": "red", "template": "base" }
    ],
    "light_brand": [
      { "parent": "light", "palette": "brand", "template": "colorLight" },
      { "parent": "dark", "palette": "brand", "template": "base" }
    ],
    "dark_yellow": [
      { "parent": "light", "palette": "yellow", "template": "colorLight" },
      { "parent": "dark", "palette": "yellow", "template": "base" }
    ],
    "dark_green": [
      { "parent": "light", "palette": "green", "template": "colorLight" },
      { "parent": "dark", "palette": "green", "template": "base" }
    ],
    "dark_blue": [
      { "parent": "light", "palette": "blue", "template": "colorLight" },
      { "parent": "dark", "palette": "blue", "template": "base" }
    ],
    "dark_purple": [
      { "parent": "light", "palette": "purple", "template": "colorLight" },
      { "parent": "dark", "palette": "purple", "template": "base" }
    ],
    "dark_red": [
      { "parent": "light", "palette": "red", "template": "colorLight" },
      { "parent": "dark", "palette": "red", "template": "base" }
    ],
    "dark_brand": [
      { "parent": "light", "palette": "brand", "template": "colorLight" },
      { "parent": "dark", "palette": "brand", "template": "base" }
    ]
  }
}
